source_id,source_title,owner_organization,municipality_code,category,source_url,source_type,license,attribution_text,fetch_method,update_frequency,last_fetched_at,last_verified_at,source_last_modified_at,content_hash,effective_from,effective_to,review_status,reviewer,notes
src-13112-waste_schedule-001,世田谷区 資源・ごみ収集曜日一覧(令和8年度),世田谷区,13112,waste_schedule,https://www.city.setagaya.lg.jp/documents/416/27-08-26.csv,csv,CC BY 4.0,世田谷区オープンデータ,http_get,annual,2026-07-21,2026-07-21,2026-03-30,,2026-04-01,2027-03-31,candidate,,"Shift-JIS。丁目範囲粒度(例: 赤堤1・3〜5)。祝日等の例外日は含まず(C-9)。実ファイル検証済み(T-004b)"
src-13112-waste_sorting-001,世田谷区 ごみ分別一覧,世田谷区,13112,waste_sorting,https://www.city.setagaya.lg.jp/documents/22308/n6_131121_garbage_separation.csv,csv,CC BY 4.0,世田谷区オープンデータ,http_get,unknown,2026-07-21,2026-07-21,2026-03-30,,,,candidate,,"UTF-8 BOM。788行。自治体標準オープンデータセット準拠。実ファイル検証済み(T-004b)"
src-13112-facilities-001,世田谷区 公共施設一覧,世田谷区,13112,facilities,https://www.city.setagaya.lg.jp/documents/22308/01_131121_public_facility.csv,csv,CC BY 4.0,世田谷区オープンデータ,http_get,unknown,2026-07-21,2026-07-21,2025-12-12,,,,candidate,,"UTF-8 BOM。849行。出張所6・まちづくりセンター31含む。番地列にExcel日付誤変換汚損あり(取込時に例外処理必須)。実ファイル検証済み(T-004b)"
src-13104-facilities-001,新宿区 GIF施設一覧,新宿区,13104,facilities,https://www.city.shinjuku.lg.jp/content/000399981.csv,csv,CC BY(都カタログ確認),新宿区オープンデータ,http_get,unknown,2026-07-21,2026-07-21,,,,,candidate,,"UTF-16LE(BOM付/CRLF)。624行。GIF施設情報標準準拠。エンコーディング自動判定必須。実ファイル検証済み(T-004b)"
src-13104-waste_sorting-001,新宿区 ごみ分別方法一覧,新宿区,13104,waste_sorting,https://www.city.shinjuku.lg.jp/content/000420404.csv,csv,CC BY 4.0,新宿区オープンデータ,http_get,unknown,2026-07-21,2026-07-21,,,,,candidate,,"UTF-8 BOM。483行。実ファイル検証済み(T-004b)"
src-13104-waste_schedule-001,新宿区 地区別収集曜日(HTML表),新宿区,13104,waste_schedule,https://www.city.shinjuku.lg.jp/seikatsu/file09_01_00001.html,html,区サイト利用規約(要確認),新宿区,http_get,annual,2026-07-21,2026-07-21,,,2026-04-01,2027-03-31,candidate,,"令和8年度版。table要素11個・複数テーブル分割の可能性(パース詳細未検証)。取得可を確認(T-004b)"
src-13108-waste_schedule-001,江東区 ごみ収集日一覧,江東区,13108,waste_schedule,https://www.opendata.metro.tokyo.lg.jp/koto/131083_201_kotocity_waste_recycle_collectionday.csv,csv,CC BY(都カタログ確認),江東区オープンデータ,http_get,annual,2026-07-21,2026-07-21,2024-11-30,,,,candidate,,"Shift-JIS。町名×地区番号×資源/プラ/燃やす/燃やさない。resource更新2024-11-30と令和8年度PDF(2026-04)の版ズレ可能性→年度追従を毎年4月に要検証(R-1)。実ファイル検証済み(T-004a)"
src-13108-waste_sorting-001,江東区 ごみ分別辞書,江東区,13108,waste_sorting,https://www.opendata.metro.tokyo.lg.jp/koto/131083_028_garbage_separation.csv,csv,CC BY(都カタログ確認),江東区オープンデータ,http_get,unknown,2026-07-21,2026-07-21,,,,,candidate,,"UTF-8 BOM。品目別分別区分+注意点。実ファイル検証済み(T-004a)"
src-13108-facilities-001,江東区 公共施設一覧,江東区,13108,facilities,https://www.opendata.metro.tokyo.lg.jp/koto/131083_001_public_facility.csv,csv,CC BY(都カタログ確認),江東区オープンデータ,http_get,unknown,2026-07-21,2026-07-21,,,,,candidate,,"UTF-8。GIF施設情報標準準拠(POIコード・緯度経度・バリアフリー属性)。大区分/小区分の値セット未検証(R-4)。実ファイル検証済み(T-004a)"
src-13115-facilities-001,杉並区 公共施設一覧,杉並区,13115,facilities,https://www.city.suginami.tokyo.jp/documents/1345/131156_public_facility_1.csv,csv,CC BY 4.0,杉並区オープンデータ,http_get,unknown,2026-07-21,2026-07-21,2025-12-12,,,,candidate,,"UTF-8 BOM。605行。区民事務所7件含む。基準日2024-04-01(鮮度注意)。実ファイル検証済み(T-004b)"
src-13101-facilities-001,千代田区 公共施設一覧,千代田区,13101,facilities,https://www.opendata.metro.tokyo.lg.jp/chiyoda/131016_01public_facility.csv,csv,CC BY 4.0,千代田区オープンデータ,http_get,unknown,2026-07-21,2026-07-21,2025-12-12,,,,candidate,,"UTF-8 BOM。231行。実ファイル検証済み(T-004b)"
src-13101-waste_sorting-001,千代田区 ごみ分別方法一覧,千代田区,13101,waste_sorting,https://www.opendata.metro.tokyo.lg.jp/chiyoda/131016_28garbage_separation.csv,csv,CC BY 4.0,千代田区オープンデータ,http_get,unknown,2026-07-21,2026-07-21,,,,,candidate,,"UTF-8 BOM。447行。実ファイル検証済み(T-004b)"
